0,The Blacklist
10,Emily in Paris
14,Dicte
24,How to Get Away With Murder
56,Luther
57,Messiah
58,Criminal
61,Ratched
70,Enola Holmes
71,New Girl
72,Dynasty
78,The Spy
84,Biohackers
90,Henning Mankell's Wallander
91,Young Wallander
97,The Kitchen
98,Bad Blood
112,Selling Sunset
113,El Camino
114,Rick and Morty
115,Breaking Bad
132,Dark
179,Warrior Nun
180,Borgen
204,The Umbrella Academy
224,Snowpiercer
225,Cursed
236,Norsemen
385,Gotham
411,Community
414,Klovn Forever
415,The Midnight Gospel
503,DC's Legends of Tomorrow
513,Rising High
514,The Circle
522,Dangerous Lies
525,Extraction
536,Outer Banks
538,The Big Short
539,Suits
547,Tiger King
551,Too Hot to Handle
629,Freud
648,Spenser Confidential
680,Love Is Blind
684,WHAT / IF
694,Altered Carbon
712,Queen of the South
751,Sex Education
767,Anon
768,How I Met Your Mother
770,Peaky Blinders
771,A Fortunate Man
772,"Love, Death & Robots"
776,Colony
783,White Collar
847,Dirty Money
850,FYRE
851,Minimalism
872,Bodyguard
873,Marvel's The Punisher
874,You
884,Pine Gap
887,Vexed
889,Tidelands
897,House of Cards
973,Elite
974,1983
975,Salvation
982,The Bridge
1024,Feminists
1025,Scorpion
1080,Nappily Ever After
1138,Secret City
1140,The Innocents
1141,The Investigator
1142,Ultraviolet
1143,Deadwind
1144,Bones
1159,Wanted
1162,The Sinner
1170,Focus
1171,A Very Secret Service
1172,Kiss Me First
1173,Final Space
1175,Insatiable
1187,Good Girls
1204,Archer
1210,Explained
1295,Set It Up
1300,Annihilation
1393,The Rain
1407,Outlander
1413,Wonder Woman
1414,Dude
1415,Travelers
1416,The Alienist
1418,Designated Survivor
1436,Seven Seconds
1438,Troy
1465,Edha
1466,Tabula Rasa
1471,Collateral
1473,Marvel's Jessica Jones
1477,Lucifer
1531,The Hunger Games
1540,Elementary
1689,Greenleaf
1692,Money Heist
1697,You Get Me
1718,A Christmas Prince
1719,She's Gotta Have It
1720,MINDHUNTER
1768,Stranger Things
1792,Closer
1793,Easy
1797,Riverdale
1817,Rita
1865,Narcos
1895,Annika Bengtzon
1896,The Team
1904,Limitless
1917,"Crouching Tiger, Hidden Dragon"
1927,White Gold
1929,Marvel's The Defenders
1937,Master of None
1957,Ozark
1965,Sherlock
1967,Gypsy
1975,The Killing
1996,Those Who Kill
1997,Fauda
1998,Bordertown
1999,Case
2000,Paranoid
2008,Shadowhunters
2010,Guilt
2020,Ingobernable
2021,The Client List
2024,Marvel's Luke Cage
2045,Frontier
2049,Johan Falk
2050,From Dusk Till Dawn
2068,Mr. Selfridge
2071,Prison Break
2072,The Unit
2116,The Expanse
2142,Helix
2143,Reign
2161,The Sniffer
2162,Hj√∏rdis
2216,13 Reasons Why
2222,Roman Empire
2231,The Last Kingdom
2239,The Code
2240,The Social Network
2241,Marvel's Iron Fist
2254,The Musketeers
2274,"Badlands, Texas"
2275,Black Sails
2287,Zeitgeist
2305,Brooklyn Nine-Nine
2308,24
2318,American Odyssey
2340,Sin City
2341,Varg Veum
2342,Person of Interest
2344,Shooter
2350,Black Mirror
2352,Crazy Ex-Girlfriend
2354,Lilyhammer
2357,Jack Taylor
2360,Gilmore Girls
2382,First Contact
2445,Under the Sun
2449,Marseille
2450,The Crown
2487,Frequency
2513,The Giver
2514,A Hijacking
2517,Tyrant
2530,You're the Worst
2542,The Fall
2553,The Affair
2555,Better Call Saul
2575,Touch
2586,Marvel's Agent Carter
2613,Grand Hotel
2618,"Tinker, Tailor, Soldier, Spy"
2662,Marcella
2682,Gossip Girl
2712,The Talented Mr. Ripley
2713,Headhunters
2812,Flaked
2813,Aquarius
2814,Sense8
2826,Ali Wong
2827,Lady Dynamite
2829,Bloodline
2853,Falling Skies
2856,Crossing Lines
2883,The Other Boleyn Girl
2885,Unbreakable Kimmy Schmidt
2890,Love
2904,Veronica Mars
2905,The IT Crowd
2974,Misfits
2977,This Means War
2978,Miss Fisher's Murder Mysteries
2986,Rectify
2992,Broadchurch
2993,Chelsea Does
2994,Alphas
3019,The Americans
3020,Breakout Kings
3030,Fantastic Four
3044,Lie to Me
3092,Hanna
3100,Fargo
3101,The Adventures of Tintin
